506.241,259.848213,,,259.848213,0.513289546
507.347,316.5931637,,,316.5931637,0.624017021
520.653,163.0863288,,,163.0863288,0.313234206
512.061,318.1339954,,,318.1339954,0.62128144
519.176,179.3177078,,,179.3177078,0.345389055
510.647,254.8461111,,,254.8461111,0.499065129
508.064,196.4667826,,,196.4667826,0.386696917
517.545,254.8204565,,,254.8204565,0.492363865
507.161,293.745775,,,293.745775,0.579196301
513.045,203.8222789,,,203.8222789,0.397279535
514.473,262.1462032,,,262.1462032,0.50954317
510.184,278.4903215,,,278.4903215,0.545862515
518.761,339.6193187,,,339.6193187,0.654673961
521.549,322.3605553,,,322.3605553,0.618082971
520.767,327.3375494,,,327.3375494,0.628568149
516.004,187.0482386,,,187.0482386,0.362493776
514.451,311.5495996,,,311.5495996,0.605596256
519.293,298.6639083,,,298.6639083,0.575135633
517.513,210.565736,,,210.565736,0.40688009
506.836,310.2500367,,,310.2500367,0.612131018
518.529,284.9411464,,,284.9411464,0.549518246
508.098,307.7345521,,,307.7345521,0.605659838
513.33,163.2270041,,,163.2270041,0.317976748
517.5,241.1584616,,,241.1584616,0.466006689
518.609,168.0381434,,,168.0381434,0.324017021
507.641,308.786996,,,308.786996,0.608278283
519.041,166.480249,,,166.480249,0.320745854
519.641,315.0653219,,,315.0653219,0.606313439
515.304,289.0445962,,,289.0445962,0.560920537
520.639,354.7136696,,,354.7136696,0.681304454
511.038,253.3986664,,,253.3986664,0.495850928
508.143,289.55851,,,289.55851,0.56983666
507.743,285.9315796,,,285.9315796,0.563142337
519.594,280.3538924,,,280.3538924,0.539563375
511.583,190.8346914,,,190.8346914,0.37302782
518.002,349.2212201,,,349.2212201,0.674169637
512.192,162.3497936,,,162.3497936,0.316970577
515.524,207.2211479,,,207.2211479,0.401962174
505.591,274.7919859,,,274.7919859,0.543506482
506.541,294.6361706,,,294.6361706,0.581663026
498.078,289.9298061,,,289.9298061,0.582097194
535.325,351.7242811,,,351.7242811,0.657029433
525.847,296.8204243,,,296.8204243,0.564461572
516.373,307.8908712,,,307.8908712,0.59625672
522.538,207.2765621,,,207.2765621,0.396672705
503.685,218.9864794,,,218.9864794,0.434768713
527.414,293.2476994,,,293.2476994,0.556010457
501.327,192.7399176,,,192.7399176,0.38445948
513.436,316.6219672,,,316.6219672,0.616672705
480.815,157.2633163,,,157.2633163,0.32707656
540.512,251.0081093,,,251.0081093,0.464389522
505.693,317.5129661,,,317.5129661,0.627876926
528.895,320.1667304,,,320.1667304,0.605350269
539.697,213.5895181,,,213.5895181,0.395758209
535.537,208.7796513,,,208.7796513,0.38985103
532.586,279.0245523,,,279.0245523,0.523905158
527.297,210.725848,,,210.725848,0.399634073
509.457,261.361145,,,261.361145,0.513019048
513.042,240.0162091,,,240.0162091,0.467829552
540.397,342.7693678,,,342.7693678,0.634291767
521.283,202.3290974,,,202.3290974,0.388136765
513.621,299.3265285,,,299.3265285,0.582777045
520.438,299.8497029,,,299.8497029,0.57614875
496.442,292.8866094,,,292.8866094,0.589971456
527.594,243.7997069,,,243.7997069,0.462097194
548.604,296.4834404,,,296.4834404,0.540432517
493.493,253.1233994,,,253.1233994,0.512921965
527.079,274.2154082,,,274.2154082,0.520254854
501.083,342.2091649,,,342.2091649,0.682939084
527.532,329.6690051,,,329.6690051,0.624927028
530.004,304.9975517,,,304.9975517,0.575462736
524.911,335.0233276,,,335.0233276,0.63824787
509.248,195.6561855,,,195.6561855,0.384206095
502.941,296.3810008,,,296.3810008,0.589295764
506.177,200.5981388,,,200.5981388,0.396300383
495.676,279.1780448,,,279.1780448,0.563226876
526.139,358.4885088,,,358.4885088,0.681357035
525.465,320.5320905,,,320.5320905,0.609997032
508.086,307.2249764,,,307.2249764,0.60467121
531.067,352.9313092,,,352.9313092,0.664570213
255.751,125.5221071,,,125.5221071,0.490798109
254.372,99.9923314,,,99.9923314,0.393094882
258.452,114.103067,,,114.103067,0.441486493
252.867,159.0617462,,,159.0617462,0.629033232
255.742,129.630528,,,129.630528,0.50688009
250.221,123.7395878,,,123.7395878,0.494521195
252.496,166.1889878,,,166.1889878,0.658184636
254.848,148.9562938,,,148.9562938,0.584490731
283.224,180.8045271,,,180.8045271,0.638379965
254.852,142.4780526,,,142.4780526,0.559061936
282.726,173.7411192,,,173.7411192,0.614521195
253.975,151.54001,,,151.54001,0.59667294
253.069,81.33261169,,,81.33261169,0.321385123
283.473,91.98755893,,,91.98755893,0.324502012
254.033,149.9894933,,,149.9894933,0.590433106
282.799,89.96267311,,,89.96267311,0.318115245
283.62,111.5598026,,,111.5598026,0.39334251
253.881,136.257629,,,136.257629,0.536698804
248.734,155.4865297,,,155.4865297,0.625111684
254.008,165.2533796,,,165.2533796,0.650583366
260.147,120.9577122,,,120.9577122,0.464959089
283.186,178.1768739,,,178.1768739,0.629186732
257.104,99.16791635,,,99.16791635,0.385711293
252.958,135.5804454,,,135.5804454,0.535980066
283.065,151.9206469,,,151.9206469,0.536698804
283.747,153.048928,,,153.048928,0.539385185
252.916,82.67555921,,,82.67555921,0.326889399
257.434,154.9317173,,,154.9317173,0.601830828
257.559,161.9271714,,,161.9271714,0.628699333
262.822,141.8289549,,,141.8289549,0.539638824
258.099,162.6381544,,,162.6381544,0.630138646
255.782,163.7249907,,,163.7249907,0.640095826
281.99,103.9162124,,,103.9162124,0.368510275
255.762,126.4607303,,,126.4607303,0.494446909
282.425,153.7928127,,,153.7928127,0.544543906
256.953,152.7181422,,,152.7181422,0.594342709
269.406,98.16872356,,,98.16872356,0.364389522
257.722,157.6261151,,,157.6261151,0.611612959
1015.119,440.2723863,,,440.2723863,0.433715049
990.725,346.6022262,,,346.6022262,0.349847058
929.364,413.0665845,,,413.0665845,0.444461572
806.086,310.6254568,,,310.6254568,0.385350269
1002.835,372.7023625,,,372.7023625,0.371648738
935.826,466.1491971,,,466.1491971,0.498115245
1006.952,350.0584204,,,350.0584204,0.347641616
940.588,377.8030371,,,377.8030371,0.401666869
995.433,617.2986016,,,617.2986016,0.620130739
1001.688,401.3615495,,,401.3615495,0.400685193
971.985,310.1265197,,,310.1265197,0.319065129
980.788,330.030437,,,330.030437,0.336495182
972.204,312.3511011,,,312.3511011,0.32128144
1010.839,556.9027558,,,556.9027558,0.550931212
1015.235,560.9019326,,,560.9019326,0.552484826
1016.406,481.1901173,,,481.1901173,0.473423137
1000.938,710.2040602,,,710.2040602,0.709538513
1009.159,572.772951,,,572.772951,0.567574536
1011.349,509.2680331,,,509.2680331,0.503553208
719.792,349.4746689,,,349.4746689,0.485521746
810.982,319.8893431,,,319.8893431,0.394446909
999.533,603.0860714,,,603.0860714,0.603367844
998.653,478.0607551,,,478.0607551,0.478705572
963.679,317.0824158,,,317.0824158,0.329033232
993.927,483.2317668,,,483.2317668,0.486184364
991.433,337.832507,,,337.832507,0.340751727
989.644,320.1073505,,,320.1073505,0.323457072
1019.943,485.7547077,,,485.7547077,0.47625672
1003.734,610.1436751,,,610.1436751,0.607873874
880.728,410.613962,,,410.613962,0.466221083
971.847,574.2859537,,,574.2859537,0.590922186
976.038,313.0009343,,,313.0009343,0.320685193
934.502,348.6524921,,,348.6524921,0.373089081
959.581,581.754393,,,581.754393,0.606258766
980.655,594.5113148,,,594.5113148,0.606239008
1005.82,633.4414525,,,633.4414525,0.629776155
917.04,557.9513732,,,557.9513732,0.60842643
925.869,467.6672499,,,467.6672499,0.505111684
968.416,332.7602382,,,332.7602382,0.343612908
917.008,503.0293843,,,503.0293843,0.548555066
1002.952,592.5703814,,,592.5703814,0.590826262
397.392,153.0644607,,,153.0644607,0.385172476
399.482,194.3996329,,,194.3996329,0.486629267
395.071,136.4671849,,,136.4671849,0.345424455
393.42,129.5593516,,,129.5593516,0.329315621
398.568,247.1184449,,,247.1184449,0.620015769
391.518,197.1125059,,,197.1125059,0.503457072
399.539,228.3862843,,,228.3862843,0.571624508
400.508,254.5207839,,,254.5207839,0.635494881
398.309,269.9814043,,,269.9814043,0.677818991
396.007,238.2766275,,,238.2766275,0.601698019
400.585,176.5808387,,,176.5808387,0.440807416
398.752,221.1127353,,,221.1127353,0.554511916
394.817,142.3282142,,,142.3282142,0.360491605
395.163,138.7017197,,,138.7017197,0.350998752
398.694,153.5802822,,,153.5802822,0.385208411
395.176,145.2428496,,,145.2428496,0.367539652
398.755,224.7835912,,,224.7835912,0.563713536
398.111,221.716957,,,221.716957,0.556922459
391.627,226.0050451,,,226.0050451,0.577092604
399.928,245.9809151,,,245.9809151,0.615062999
395.989,128.6756104,,,128.6756104,0.324947437
398.446,145.8339012,,,145.8339012,0.366006689
397.961,242.8289807,,,242.8289807,0.610182859
395.67,241.1196143,,,241.1196143,0.609395745
398.451,241.1315784,,,241.1315784,0.605172476
398.563,210.4847934,200,,210.4847934,0.528109216
398.972,156.1785293,,,156.1785293,0.391452356
379.396,204.8925677,,,204.8925677,0.540049362
393.466,236.5307143,,,236.5307143,0.601146514
400.122,218.093772,,,218.093772,0.545068184
273.692,156.8500668,,,156.8500668,0.573089702
399.641,154.5107561,,,154.5107561,0.386623885
395.908,238.8649083,,,238.8649083,0.603334381
399.758,235.3727972,,,235.3727972,0.58878821
394.957,227.9668601,,,227.9668601,0.577194125
395.864,152.9059402,,,152.9059402,0.386258766
396.245,197.0445293,,,197.0445293,0.497279535
400.139,242.7630978,,,242.7630978,0.606696917
1116.459,685.735664,,,685.735664,0.614205863
1196.403,715.4510958,,,715.4510958,0.598001757
1181.457,435.5187627,,,435.5187627,0.368628535
1200.372,404.7389854,,,404.7389854,0.337177963
1156.215,619.8653621,,,619.8653621,0.536116001
1198.961,629.6364478,,,629.6364478,0.525151734
1123.712,416.2601266,,,416.2601266,0.370433106
1135.924,559.3504045,,,559.3504045,0.492418863
1149.178,631.3413717,,,631.3413717,0.549385188
1127.234,447.6843091,,,447.6843091,0.397152951
1193.899,734.1177813,,,734.1177813,0.614891026
1146.564,390.1302288,,,390.1302288,0.340260316
1127.267,554.9922508,,,554.9922508,0.492334337
1145.946,719.7792435,,,719.7792435,0.628109216
1172.226,545.2109067,,,545.2109067,0.465107331
1189.284,465.4881005,,,465.4881005,0.39140197
1152.049,603.6932854,,,603.6932854,0.524017021
1197.59,531.2466121,,,531.2466121,0.4435964
1139.14,645.6199277,,,645.6199277,0.566760826
1149.006,779.1480164,,,779.1480164,0.678106134
1147.841,505.3488413,,,505.3488413,0.440260316
1132.574,684.8223301,,,684.8223301,0.604660119
1106.733,687.5708184,,,687.5708184,0.621261694
1131.963,668.5067362,,,668.5067362,0.590572957
1189.993,709.3754364,,,709.3754364,0.596117319
1185.41,705.6986884,,,705.6986884,0.595320344
1163.491,421.5257334,,,421.5257334,0.362293936
1141.217,426.0039953,,,426.0039953,0.373289213
1162.498,433.1584666,,,433.1584666,0.372610075
1195.467,580.6518227,,,580.6518227,0.485711293
1197.437,665.259393,,,665.259393,0.555569431
1172.824,709.6863647,,,709.6863647,0.605109006
1129.155,634.227379,,,634.227379,0.561683187
1176.195,736.0104019,,,736.0104019,0.625755425
1192.253,710.4826116,,,710.4826116,0.595915977
1136.262,448.2794415,,,448.2794415,0.394521195
1124.173,441.0848631,,,441.0848631,0.392363865
1194.658,415.4818369,,,415.4818369,0.347783078
702.957,426.8090717,,,426.8090717,0.607162418
692.811,419.0358806,,,419.0358806,0.604834335
679.351,338.9260113,,,338.9260113,0.498896758
711.01,286.9539023,,,286.9539023,0.40358631
701.898,365.9591751,,,365.9591751,0.521385123
673.812,259.3752709,,,259.3752709,0.38493715
701.147,261.0214436,,,261.0214436,0.372277773
676.785,373.3166639,,,373.3166639,0.551603041
691.367,422.7109423,,,422.7109423,0.611413247
698.101,381.8356798,,,381.8356798,0.546963376
689.141,219.3972911,,,219.3972911,0.318363428
694.476,328.5490124,,,328.5490124,0.473089081
685.396,279.2284432,,,279.2284432,0.407397247
701.213,224.2837006,,,224.2837006,0.31985103
703.521,236.3994785,,,236.3994785,0.336023343
702.562,328.4755931,,,328.4755931,0.467539652
696.689,252.6795345,,,252.6795345,0.36268627
701.372,393.8109044,,,393.8109044,0.561486493
703.755,399.1932787,,,399.1932787,0.567233311
710.951,373.1697926,,,373.1697926,0.524888203
711.249,352.6484875,,,352.6484875,0.495815794
702.41,270.3322408,,,270.3322408,0.384863884
683.698,414.1629482,,,414.1629482,0.605768846
689.798,406.034786,,,406.034786,0.588628535
695.551,428.6683475,,,428.6683475,0.616300383
691.821,258.5303998,,,258.5303998,0.373695508
703.652,342.1954242,,,342.1954242,0.486313439
699.333,432.9565159,,,432.9565159,0.619099222
711.494,419.474769,,,419.474769,0.589568948
686.95,363.8035856,,,363.8035856,0.529592526
688.922,320.4278175,,,320.4278175,0.465114799
710.324,345.4196285,,,345.4196285,0.486284609
670.525,404.2176334,,,404.2176334,0.602837528
681.783,274.0965447,,,274.0965447,0.40202901
687.833,302.4166474,,,302.4166474,0.439665802
700.609,394.8607099,,,394.8607099,0.5635964
660.263,241.9047292,,,241.9047292,0.366376322
666.398,298.3074776,,,298.3074776,0.447641616
693.36,431.445424,,,431.445424,0.622253121
711.441,444.1231485,,,444.1231485,0.62425858
701.552,273.6943575,,,273.6943575,0.390126972
1002.396,495.3899806,,,495.3899806,0.494205863
954.173,608.4738899,,,608.4738899,0.637697661
996.303,558.1890335,,,558.1890335,0.560260316
950.481,599.590692,,,599.590692,0.630828698
1022.495,661.0108152,,,661.0108152,0.646468506
952.996,505.2655087,,,505.2655087,0.53018639
991.519,362.4898512,,,362.4898512,0.365590424
982.418,618.2613286,,,618.2613286,0.629326141
972.021,487.6307318,,,487.6307318,0.501666869
1030.731,404.9180041,,,404.9180041,0.39284547
1033.752,405.8214672,,,405.8214672,0.392571397
1028.564,633.3117393,,,633.3117393,0.615724193
1022.529,575.111978,,,575.111978,0.56244075
1009.618,597.8684192,,,597.8684192,0.5921729
1029.94,506.7725938,,,506.7725938,0.49204089
1033.4,330.6590594,,,330.6590594,0.319971995
1010.474,380.1976328,,,380.1976328,0.37625672
1024.187,512.5941299,,,512.5941299,0.500488807
967.643,546.1216638,,,546.1216638,0.564383418
987.691,438.152477,,,438.152477,0.443612908
1028.857,596.7378073,,,596.7378073,0.580000726
1031.124,572.3922464,,,572.3922464,0.555114852
1031.97,403.2919242,,,403.2919242,0.390798109
997.111,399.0193772,,,399.0193772,0.400175484
1017.642,597.9050266,,,597.9050266,0.587539652
980.719,538.5605591,,,538.5605591,0.549148695
1026.893,401.4953644,,,401.4953644,0.39098072
1019.472,318.3803149,,,318.3803149,0.312299224
969.795,657.8934101,,,657.8934101,0.678383999
1029.873,626.3023257,,,626.3023257,0.608135494
1019.552,325.6398466,,,325.6398466,0.319395035
943.591,448.1545421,,,448.1545421,0.474945757
963.011,649.8196703,,,649.8196703,0.674779073
987.443,520.2449339,,,520.2449339,0.526860724
1030.612,507.588105,,,507.588105,0.492511348
898.236,437.1030922,,,437.1030922,0.486623885
1029.948,517.063775,,,517.063775,0.50202901
927.525,620.1387002,,,620.1387002,0.668595132
1031.463,553.8430156,,,553.8430156,0.53694899
1002.838,385.7629069,,,385.7629069,0.38467121
1019.504,327.9790909,,,327.9790909,0.321704565
601.246,368.7410395,,,368.7410395,0.61329479
582.908,298.0825839,,,298.0825839,0.511371578
595.119,232.5883253,,,232.5883253,0.390826583
586.9,287.8080366,,,287.8080366,0.49038684
589.37,394.1396533,,,394.1396533,0.668747397
584.847,372.8840593,,,372.8840593,0.637575399
575.072,235.0881769,,,235.0881769,0.408797815
588.245,185.953657,,,185.953657,0.316116001
596.292,349.9699053,,,349.9699053,0.586910281
592.912,200.256024,,,200.256024,0.337749993
582.793,355.1337217,,,355.1337217,0.609365112
596.509,317.7046685,,,317.7046685,0.532606664
588.239,321.5821983,,,321.5821983,0.546686293
595.398,381.910712,,,381.910712,0.64143768
594.932,232.9590008,,,232.9590008,0.391572484
588.594,399.8154067,,,399.8154067,0.679271971
584.929,364.8337749,,,364.8337749,0.623723178
591.501,235.626361,,,235.626361,0.398353276
591.008,285.8870322,,,285.8870322,0.483727855
576.499,289.1536304,,,289.1536304,0.501568312
586.345,292.5809448,,,292.5809448,0.498991114
596.748,344.1997243,,,344.1997243,0.576792422
581.648,323.9121865,,,323.9121865,0.55688696
595.717,349.8598743,,,349.8598743,0.587292077
584.833,346.152239,,,346.152239,0.591882194
595.204,396.9692947,,,396.9692947,0.666946618
574.36,270.1979589,,,270.1979589,0.470433106
587.125,284.122444,,,284.122444,0.483921557
592.516,305.5381458,,,305.5381458,0.51566227
575.032,217.7678222,,,217.7678222,0.378705572
587.432,395.6095082,,,395.6095082,0.673455835
593.491,259.0559623,,,259.0559623,0.436495182
588.322,355.7279302,,,355.7279302,0.604648356
578.033,381.0132971,,,381.0132971,0.659154922
572.119,284.1558915,,,284.1558915,0.496672705
588.977,278.6487476,,,278.6487476,0.473106331
573.489,346.8558302,,,346.8558302,0.604816884
588.08,311.9470259,,,311.9470259,0.530449983
596.726,292.7106502,,,292.7106502,0.49052773
583.953,367.4980575,,,367.4980575,0.629328144
596.626,202.6534487,,,202.6534487,0.339665802
678.677,440.1605105,,,440.1605105,0.648556693
672.953,378.3473356,,,378.3473356,0.562219554
661.23,290.5556064,,,290.5556064,0.439416854
661.843,262.7321974,,,262.7321974,0.396970577
673.093,223.51274,,,223.51274,0.332068139
672.131,345.2631707,,,345.2631707,0.513684342
662.804,211.0058246,,,211.0058246,0.318353276
680.402,360.0851375,,,360.0851375,0.529224102
675.692,316.9768068,,,316.9768068,0.46911434
688.979,435.1200277,,,435.1200277,0.631543237
662.898,345.556424,,,345.556424,0.52128144
687.735,428.1298874,,,428.1298874,0.622521593
688.687,270.0555345,,,270.0555345,0.392131018
661.011,333.3027493,,,333.3027493,0.504231774
661.481,411.2208222,,,411.2208222,0.621666869
689.386,387.7162785,,,387.7162785,0.562408112
663.125,444.8679113,,,444.8679113,0.670865842
687.901,320.3157391,,,320.3157391,0.465642206
687.46,277.1269832,,,277.1269832,0.403117248
672.543,409.2745294,,,409.2745294,0.60854775
661.684,360.7959347,,,360.7959347,0.545269244
681.138,330.3505176,,,330.3505176,0.484997926
660.568,389.8013604,,,389.8013604,0.590100278
679.775,402.1880211,,,402.1880211,0.591648738
685.841,419.5528127,,,419.5528127,0.611734808
662.519,394.1628682,,,394.1628682,0.594945757
672.39,397.9179578,,,397.9179578,0.591796365
686.607,317.7979661,,,317.7979661,0.462852791
687.823,325.3594145,,,325.3594145,0.47302782
673.03,403.3094085,,,403.3094085,0.599244326
663.636,372.7683551,,,372.7683551,0.561706048
661.543,378.9490533,,,378.9490533,0.572826034
677.05,397.9486186,,,397.9486186,0.587768435
688.871,450.6067166,,,450.6067166,0.65412351
689.274,267.855114,,,267.855114,0.388604697
685.144,276.6501358,,,276.6501358,0.403783928
664.096,212.5950416,,,212.5950416,0.320126972
674.051,387.5711009,,,387.5711009,0.574987799
731.829,443.6071313,,,443.6071313,0.606162275
700.647,273.2402946,,,273.2402946,0.389982823
689.511,281.3957936,,,281.3957936,0.408109216
689.157,363.2385011,,,363.2385011,0.52707656
729.49,460.3528231,,,460.3528231,0.631061184
703.612,478.1656292,,,478.1656292,0.679587087
728.838,417.1786591,,,417.1786591,0.572388733
701.099,286.9707726,,,286.9707726,0.409315621
740.035,357.8193672,,,357.8193672,0.483516816
685.795,236.0040778,,,236.0040778,0.344132106
730.559,447.3679328,,,447.3679328,0.612363865
693.915,258.4689742,,,258.4689742,0.372479301
700.037,223.3712685,,,223.3712685,0.319084946
707.895,476.5534913,,,476.5534913,0.67319799
700.371,344.4096281,,,344.4096281,0.491753125
713.897,310.1967529,,,310.1967529,0.434511916
704.589,366.7306881,,,366.7306881,0.520488807
715.09,431.6983113,,,431.6983113,0.603697872
688.412,433.0450529,,,433.0450529,0.629049251
709.838,391.8641085,,,391.8641085,0.55204724
729.947,359.7510723,,,359.7510723,0.49284547
702.858,354.8562022,,,354.8562022,0.504876095
735.903,285.9639748,,,285.9639748,0.388589223
700.652,439.9287867,,,439.9287867,0.627884865
715.735,351.9518131,,,351.9518131,0.491734808
703.657,247.6518373,,,247.6518373,0.351949653
672.989,397.2776132,,,397.2776132,0.590318138
709.161,274.2107146,,,274.2107146,0.386669197
708.156,432.5605098,,,432.5605098,0.610826583
685.724,268.0379001,,,268.0379001,0.390883067
719.376,486.0580886,,,486.0580886,0.675666256
721.543,392.0004815,,,392.0004815,0.543280832
709.724,349.0878778,,,349.0878778,0.491864271
700.276,274.3224847,,,274.3224847,0.391734808
676.313,214.580274,,,214.580274,0.317279535
698.224,430.4033824,,,430.4033824,0.616425936
741.045,254.7079691,,,254.7079691,0.343714578
721.904,371.04599,,,371.04599,0.513982455
704.419,402.0559301,,,402.0559301,0.570762473
731.09,297.4518067,,,297.4518067,0.406860724
707.518,433.3470708,,,433.3470708,0.612489111
385.498,122.7816701,,,122.7816701,0.318501445
400.473,229.9011935,,,229.9011935,0.574074141
389.043,157.518921,,,157.518921,0.404888203
390.401,149.6150171,,,149.6150171,0.383234206
396.698,145.2162875,,,145.2162875,0.366062565
389.364,123.2257447,,,123.2257447,0.316479553
405.085,219.1284038,,,219.1284038,0.540944256
403.969,175.9553666,,,175.9553666,0.435566508
392.528,266.6344261,,,266.6344261,0.679274921
396.659,240.9578947,,,240.9578947,0.607468619
407.802,138.7463349,,,138.7463349,0.340229658
397.476,227.1825279,,,227.1825279,0.571562882
394.554,191.6356017,,,191.6356017,0.485701835
388.604,123.0589167,,,123.0589167,0.316669197
397.466,235.2544758,,,235.2544758,0.591885786
400.437,277.1561074,,,277.1561074,0.692134112
408.721,242.0117452,,,242.0117452,0.592119674
394.064,219.1087828,,,219.1087828,0.556023343
393.263,193.0461475,,,193.0461475,0.490883067
402.672,247.2768195,,,247.2768195,0.614089928
403.618,231.1269853,,,231.1269853,0.572637953
399.581,237.1942287,,,237.1942287,0.593607375
396.125,241.0835356,,,241.0835356,0.608604697
400.121,228.8810231,,,228.8810231,0.572029519
398.091,153.7879034,,,153.7879034,0.386313439
392.569,262.0274221,,,262.0274221,0.66746845
397.825,207.676191,,,207.676191,0.52202901
400.618,195.6906638,,,195.6906638,0.48847197
402.522,158.0675531,,,158.0675531,0.392692954
383.051,244.5718231,,,244.5718231,0.638483709
384.775,139.6166826,,,139.6166826,0.362852791
400.138,156.2667239,,,156.2667239,0.390532076
384.278,223.0917677,,,223.0917677,0.580547853
399.742,136.7151356,,,136.7151356,0.342008434
391.571,146.4237808,,,146.4237808,0.373939288
411.749,254.8689722,,,254.8689722,0.618991114
394.09,190.9950707,,,190.9950707,0.484648356
403.306,249.6330311,,,249.6330311,0.618966817
475.768,290.5117714,,,290.5117714,0.610616459
453.391,308.1570503,,,308.1570503,0.679671741
453.51,243.6569522,,,243.6569522,0.537269194
450.692,273.0691462,,,273.0691462,0.605888603
467.795,292.8648978,,,292.8648978,0.626053929
450.159,272.6643542,,,272.6643542,0.605706771
460.164,272.3233825,,,272.3233825,0.591796365
467.751,185.6841332,,,185.6841332,0.396972178
470.575,180.4734258,,,180.4734258,0.383516816
470.276,295.493058,,,295.493058,0.628339652
468.731,292.7234527,,,292.7234527,0.624502012
466.873,149.844802,,,149.844802,0.320954097
471.997,290.0170977,,,290.0170977,0.614446909
469.425,320.2239019,,,320.2239019,0.682162011
469.613,288.5725517,,,288.5725517,0.614490126
458.742,233.5149228,,,233.5149228,0.509033232
467.614,227.531755,,,227.531755,0.486580288
469.07,235.1360851,,,235.1360851,0.50128144
456.093,254.632982,,,254.632982,0.5582918
466.351,183.0480595,,,183.0480595,0.392511348
462.45,271.1350423,,,271.1350423,0.586301313
469.38,282.6362828,,,282.6362828,0.602148116
474.833,293.5361816,,,293.5361816,0.618188251
467.486,316.3189752,,,316.3189752,0.676638392
472.453,227.9376183,,,227.9376183,0.482455648
465.647,265.8838557,,,265.8838557,0.570998752
464.395,275.3996288,,,275.3996288,0.593028841
460.45,276.4048439,,,276.4048439,0.600292853
464.577,284.8080325,,,284.8080325,0.613048069
465.889,179.4180496,,,179.4180496,0.385109006
474.803,150.2399835,,,150.2399835,0.316425936
471.935,266.8435902,,,266.8435902,0.565424455
476.553,289.249687,,,289.249687,0.606962262
453.376,143.5718045,,,143.5718045,0.316672705
461.491,279.7948904,,,279.7948904,0.606284609
467.964,229.4623108,,,229.4623108,0.490341802
431.881,140.4095593,,,140.4095593,0.325111684
470.657,296.6805201,,,296.6805201,0.630353995
449.42,235.2952826,,,235.2952826,0.523553208
468.714,309.943252,,,309.943252,0.661263056
461.822,314.309608,,,314.309608,0.680586044
851.009,505.1239435,,,505.1239435,0.593558874
844.865,414.584575,,,414.584575,0.490711031
833.843,511.1814262,,,511.1814262,0.613042775
840.567,443.5227581,,,443.5227581,0.527647122
826.466,520.2429265,,,520.2429265,0.629478922
841.586,507.4235536,,,507.4235536,0.602937256
844.409,525.9375138,,,525.9375138,0.622846883
835.439,310.5454437,,,310.5454437,0.371715282
856.915,380.153128,,,380.153128,0.443629914
849.037,425.5470233,,,425.5470233,0.5012114
816.948,436.5992009,,,436.5992009,0.534427162
860.184,494.7062545,,,494.7062545,0.575116783
792.729,466.1694118,,,466.1694118,0.588056463
833.218,411.2682901,,,411.2682901,0.493590261
820.373,273.8273226,,,273.8273226,0.333783928
805.06,380.4794667,,,380.4794667,0.472610075
864.388,459.2011282,,,459.2011282,0.531244219
844.969,513.0241792,,,513.0241792,0.60715148
847.621,448.5541964,,,448.5541964,0.529191934
840.277,538.4956614,,,538.4956614,0.640854934
822.339,317.0295674,,,317.0295674,0.385521746
855.695,540.3701989,,,540.3701989,0.631498605
859.004,539.1714882,,,539.1714882,0.627670521
846.859,500.1513282,,,500.1513282,0.590595752
848.529,326.5430936,,,326.5430936,0.384834335
822.362,508.3015186,,,508.3015186,0.618099473
851.132,346.96151,,,346.96151,0.407647122
845.688,473.6770096,,,473.6770096,0.560108467
842.402,271.2215795,,,271.2215795,0.321962174
857.162,521.5389563,,,521.5389563,0.608448527
810.279,491.6522415,,,491.6522415,0.606769078
830.224,383.0435393,,,383.0435393,0.461373725
837.021,553.7885299,,,553.7885299,0.661618442
845.367,425.830952,,,425.830952,0.503723178
851.64,507.6773533,,,507.6773533,0.596117319
863.961,483.3718014,,,483.3718014,0.559483358
828.968,401.9121492,,,401.9121492,0.484834335
834.123,433.5253726,,,433.5253726,0.519737944
848.103,268.8250551,,,268.8250551,0.316972178
854.692,316.2146083,,,316.2146083,0.369974925
825.226,409.5691798,,,409.5691798,0.496311531
635.667,394.994017,,,394.994017,0.621385123
638.501,250.9615848,,,250.9615848,0.393048069
577.988,305.7748596,,,305.7748596,0.529033232
569.163,335.7899236,,,335.7899236,0.589971456
602.344,229.443938,,,229.443938,0.380918442
577.803,351.3364265,,,351.3364265,0.608055733
608.22,274.3064607,,,274.3064607,0.450998752
592.365,302.6077035,,,302.6077035,0.510846697
607.378,339.7774899,,,339.7774899,0.559416854
650.237,412.9301514,,,412.9301514,0.635045609
631.576,378.2164131,,,378.2164131,0.598845449
603.443,246.8282405,,,246.8282405,0.409033232
625.115,375.9895447,,,375.9895447,0.601472601
632.579,258.7559661,,,258.7559661,0.409049251
569.02,217.6249128,,,217.6249128,0.382455648
581.502,185.4939708,,,185.4939708,0.318991114
636.298,246.1003906,,,246.1003906,0.386769078
609.723,339.3079121,,,339.3079121,0.556495182
641.427,387.6054901,,,387.6054901,0.604286209
635.337,345.5370158,,,345.5370158,0.543864147
573.827,382.9345716,,,382.9345716,0.667334531
616.624,370.5032613,,,370.5032613,0.600857672
538.184,320.2619268,,,320.2619268,0.59507887
553.8,189.6256123,,,189.6256123,0.342408112
634.209,345.2924609,,,345.2924609,0.544445855
585.222,384.7372983,,,384.7372983,0.657421113
636.048,312.663695,,,312.663695,0.491572484
634.612,247.5894649,,,247.5894649,0.390143056
639.442,274.0361088,,,274.0361088,0.428555066
613.319,405.0723715,,,405.0723715,0.660459519
570.887,379.8387463,,,379.8387463,0.66534839
635.698,340.3612675,,,340.3612675,0.535413463
559.719,179.2527266,,,179.2527266,0.320254854
615.841,372.8572108,,,372.8572108,0.605443955
637.555,392.9324984,,,392.9324984,0.616311531
595.788,241.3606801,,,241.3606801,0.405111684
632.439,384.2991012,,,384.2991012,0.607646115
604.171,192.6725752,,,192.6725752,0.318904044
636.953,442.4093147,,,442.4093147,0.694571365
597.032,334.8199731,,,334.8199731,0.560807416
645.182,350.367432,,,350.367432,0.543052088
554.524,378.2707366,,,378.2707366,0.682153949
548.131,250.4394105,,,250.4394105,0.456897002
543.934,342.0245105,,,342.0245105,0.628797815
547.409,300.2909751,,,300.2909751,0.548567844
544.795,348.4288192,,,348.4288192,0.639559503
548.033,359.6077708,,,359.6077708,0.656179045
552.863,310.0968291,,,310.0968291,0.560892715
555.764,360.391596,,,360.391596,0.64846157
550.179,340.3585482,,,340.3585482,0.618632387
555.694,358.2208077,,,358.2208077,0.64463681
549.151,295.7159096,,,295.7159096,0.538496533
544.969,304.9772337,,,304.9772337,0.559623086
555.849,356.1376248,,,356.1376248,0.640709302
542.297,366.7306076,,,366.7306076,0.67625417
542.34,182.6444739,,,182.6444739,0.336771166
544.795,330.4856596,,,330.4856596,0.606623885
542.629,369.0666549,,,369.0666549,0.680145468
548.222,340.9733471,,,340.9733471,0.621962174
552.235,296.9796176,,,296.9796176,0.537777608
546.01,288.438946,,,288.438946,0.528266783
542.084,299.0544793,,,299.0544793,0.551675532
555.894,318.8402763,,,318.8402763,0.573563083
539.695,172.1069857,,,172.1069857,0.318896758
553.484,268.8049495,,,268.8049495,0.485659838
546.334,258.2044369,,,258.2044369,0.472612792
549.799,343.8763903,,,343.8763903,0.625458377
539.544,306.2758525,,,306.2758525,0.567656859
548.896,202.8757057,,,202.8757057,0.369606821
543.652,200.423377,,,200.423377,0.36866116
544.989,334.1299668,,,334.1299668,0.613094882
547.141,334.0447527,,,334.0447527,0.61052773
548.671,315.9022406,,,315.9022406,0.575758953
547.037,331.624752,,,331.624752,0.606219967
546.653,236.1799197,,,236.1799197,0.43204724
546.79,212.1332107,,,212.1332107,0.387961028
541.857,284.5354419,,,284.5354419,0.525111684
554.866,367.3163009,,,367.3163009,0.661991005
547.004,309.6264349,,,309.6264349,0.566040532
785.357,453.5408007,,,453.5408007,0.57749635
781.365,277.490554,,,277.490554,0.355135633
791.94,468.9654066,,,468.9654066,0.5921729
795.584,464.8545321,,,464.8545321,0.584293465
784.307,271.184731,,,271.184731,0.345763497
774.784,493.6541787,,,493.6541787,0.637150714
784.093,401.8956209,,,401.8956209,0.512561164
743.548,297.6086962,,,297.6086962,0.400254854
782.593,414.2485,,,414.2485,0.529328144
771.652,457.2956357,,,457.2956357,0.592618999
741.633,290.4330938,,,290.4330938,0.391612959
780.713,477.2756973,,,477.2756973,0.611333099
798.086,318.5041084,,,318.5041084,0.399084946
785.187,301.9524311,,,301.9524311,0.38456117
754.685,304.4830003,,,304.4830003,0.403457072
768.833,487.647493,,,487.647493,0.634269722
777.521,424.2140274,,,424.2140274,0.545598161
767.985,478.8882044,,,478.8882044,0.623564529
788.68,537.4844487,,,537.4844487,0.681498768
795.988,373.0226901,,,373.0226901,0.468628535
786.04,305.6941347,,,305.6941347,0.388904044
766.321,438.8603212,,,438.8603212,0.572684712
756.16,473.2330796,,,473.2330796,0.62583723
773.692,469.8455387,,,469.8455387,0.607277235
780.32,463.8155277,,,463.8155277,0.594391439
781.779,286.303952,,,286.303952,0.366221083
776.729,438.0014863,,,438.0014863,0.563905154
792.149,455.4262902,,,455.4262902,0.574925033
769.487,482.5914519,,,482.5914519,0.627159981
820.96,296.3761022,,,296.3761022,0.361011623
772.709,307.9256532,,,307.9256532,0.398501445
773.871,457.297543,,,457.297543,0.590922186
777.418,373.8000175,,,373.8000175,0.480822437
765.902,454.2481131,,,454.2481131,0.593089081
878.899,519.0539814,,,519.0539814,0.590572957
781.045,377.8606697,,,377.8606697,0.483788603
776.725,306.8948504,,,306.8948504,0.395113908
772.687,466.5396046,,,466.5396046,0.603788603
767.124,282.1708773,,,282.1708773,0.367829552
771.258,449.4014469,,,449.4014469,0.58268627
774.674,527.2927386,,,527.2927386,0.680664045
784,413.0739905,,,413.0739905,0.52688009
779.775,476.4842302,,,476.4842302,0.611053484
785.921,497.0090722,,,497.0090722,0.632390625
779.678,415.5563355,,,415.5563355,0.53298456
907.348,548.5473681,,,548.5473681,0.60456117
773.233,445.0458087,,,445.0458087,0.575564944
788.857,428.5802113,,,428.5802113,0.543292652
785.193,286.6855843,,,286.6855843,0.365114799
786.376,311.2600406,,,311.2600406,0.395815794
762.857,372.7806241,,,372.7806241,0.488663831
779.577,498.105134,,,498.105134,0.638942829
780.468,288.9860689,,,288.9860689,0.370272796
765.491,466.411103,,,466.411103,0.609296651
771.44,378.8182994,,,378.8182994,0.491053484
781.863,462.3275848,,,462.3275848,0.591315339
790.611,425.4862591,,,425.4862591,0.538173968
784.249,257.6689823,,,257.6689823,0.328555066
766.274,309.5020207,,,309.5020207,0.403905158
777.252,408.0164449,,,408.0164449,0.524947437
784.967,302.902913,,,302.902913,0.385879805
784.522,532.5792377,,,532.5792377,0.678858257
768.535,249.6786494,,,249.6786494,0.324876095
780.757,487.8763851,,,487.8763851,0.624876095
774.524,528.2224381,,,528.2224381,0.681996217
777.954,476.5523689,,,476.5523689,0.612571397
791.679,305.6912617,,,305.6912617,0.386130315
772.432,464.0944768,,,464.0944768,0.600822437
785.397,476.5989045,,,476.5989045,0.606825471
792.426,420.8612124,,,420.8612124,0.53110475
790.02,488.3234057,,,488.3234057,0.618115245
765.036,243.6330927,,,243.6330927,0.318459645
784.024,465.2514388,,,465.2514388,0.593414792
765.578,246.2610783,,,246.2610783,0.321666869
770.822,448.0119265,,,448.0119265,0.581213207
836.983,508.3734435,,,508.3734435,0.607388016
780.162,359.66375,,,359.66375,0.461011623
761.525,336.9048373,,,336.9048373,0.442408112
775.889,397.8311006,,,397.8311006,0.512742287
767.652,476.5167966,,,476.5167966,0.620745854
796.254,459.4370442,,,459.4370442,0.576998099
764.435,294.2870203,,,294.2870203,0.384973242
776.725,260.0232289,,,260.0232289,0.334768713
805.149,457.3879732,,,457.3879732,0.56807867
779.132,249.3088565,,,249.3088565,0.319982823
781.804,252.9640426,,,252.9640426,0.323564529
753.229,441.4393198,,,441.4393198,0.586062565
771.701,481.468234,,,481.468234,0.623905158
779.05,348.8387199,,,348.8387199,0.447774494
739.078,498.0290378,,,498.0290378,0.673851796
917.369,493.9153214,,,493.9153214,0.538404199
767.185,401.839173,,,401.839173,0.523783928
753.272,275.0251297,,,275.0251297,0.365107331
779.005,360.8263327,,,360.8263327,0.463188725
759.743,446.4853091,,,446.4853091,0.587679398
782.871,307.8990859,,,307.8990859,0.39329479
742.841,425.0669719,,,425.0669719,0.572217974
793.256,373.3029041,,,373.3029041,0.470595752
779.881,500.363769,,,500.363769,0.641589895
781.636,394.8447805,,,394.8447805,0.505151734
728.242,404.4970762,,,404.4970762,0.555443213
782.354,308.3178315,,,308.3178315,0.394089928
754.454,356.4638986,,,356.4638986,0.472479301
787.56,497.8731365,,,497.8731365,0.63217169
773.801,429.1170017,,,429.1170017,0.554557311
783.651,429.2657152,,,429.2657152,0.547776644
766.521,245.6614009,,,245.6614009,0.320488807
792.331,468.9126196,,,468.9126196,0.591814052
777.464,520.4317428,,,520.4317428,0.66939658
163.15,100.6227731,,,100.6227731,0.616750065
164.501,101.2325512,,,101.2325512,0.615391707
181.652,110.1585187,,,110.1585187,0.606426126
167.112,53.81491195,,,53.81491195,0.32202901
194.091,60.77502128,,,60.77502128,0.313126427
166.667,54.79974538,,,54.79974538,0.328797815
186.895,95.52505246,,,95.52505246,0.511116148
163.259,105.3459281,,,105.3459281,0.645268733
165.915,60.66552659,,,60.66552659,0.365642206
164.367,79.6291513,,,79.6291513,0.48445948
166.007,78.01912732,,,78.01912732,0.469974925
167.069,54.69793059,,,54.69793059,0.327397247
164.507,96.81405976,,,96.81405976,0.588510275
163.468,92.91123075,,,92.91123075,0.56837565
163.45,85.49264584,,,85.49264584,0.523050755
164.961,83.61698213,,,83.61698213,0.506889399
164.168,92.61243963,,,92.61243963,0.564132106
164.107,98.34162999,,,98.34162999,0.599253109
160.231,66.67468296,,,66.67468296,0.416116001
167.53,98.02303123,,,98.02303123,0.585107331
170.526,100.919683,,,100.919683,0.591814052
163.296,52.89241662,,,52.89241662,0.323905158
165.96,53.85470029,,,53.85470029,0.324504099
163.983,96.79470397,,,96.79470397,0.590272796
163.133,80.06413013,,,80.06413013,0.490790521
163.336,99.76531988,,,99.76531988,0.610798109
159.895,100.6300384,,,100.6300384,0.629350751
166.369,98.59343023,,,98.59343023,0.592618999
164.281,76.96733644,,,76.96733644,0.468510275
210.055,110.1742702,,,110.1742702,0.524502012
175.849,116.2453445,,,116.2453445,0.661052064
165.225,98.2322178,,,98.2322178,0.594536044
163.8,80.52620273,,,80.52620273,0.491612959
262.456,100.7116779,,,100.7116779,0.383727855
236.165,130.4542714,,,130.4542714,0.552386134
164.631,100.1181638,,,100.1181638,0.608136765
159.88,55.57021678,,,55.57021678,0.347574536
166.471,73.89733487,,,73.89733487,0.443905154
159.811,83.37412825,,,83.37412825,0.521704565
153.649,90.75645798,,,90.75645798,0.590673926
159.164,85.00677727,,,85.00677727,0.534082941
150.454,57.74253054,,,57.74253054,0.383788603
159.704,93.52113301,,,93.52113301,0.585590424
159.35,51.7709351,,,51.7709351,0.324888203
145.259,56.93231963,,,56.93231963,0.391936607
152.325,56.22534187,,,56.22534187,0.36911434
154.446,92.34226298,,,92.34226298,0.597893523
153.956,98.29552619,,,98.29552619,0.638465056
154.105,48.65155749,,,48.65155749,0.315703952
155.987,94.51309607,,,94.51309607,0.605903672
151.904,89.9693628,,,89.9693628,0.592277773
154.459,61.61319431,,,61.61319431,0.398896758
154.925,73.26343605,,,73.26343605,0.47289615
154.437,91.77749606,,,91.77749606,0.594271425
154.513,88.76244988,,,88.76244988,0.574465902
156.427,94.67093609,,,94.67093609,0.605208411
160.524,95.31795294,,,95.31795294,0.593792535
147.85,92.87287458,,,92.87287458,0.628156068
153.287,77.24210989,,,77.24210989,0.503905158
154.095,56.34885675,,,56.34885675,0.365676088
151.953,73.69313906,,,73.69313906,0.484973242
156.102,108.169045,,,108.169045,0.692938239
153.756,52.29371751,,,52.29371751,0.340108467
158.73,51.28840074,,,51.28840074,0.323117248
156.754,94.76887731,,,94.76887731,0.604570712
155.878,73.51966203,,,73.51966203,0.471648738
141.102,79.69684987,,,79.69684987,0.564817294
152.059,90.16449633,,,90.16449633,0.592957315
158.248,68.90801754,,,68.90801754,0.435443213
159.018,56.08321753,,,56.08321753,0.352684712
153.996,74.05951638,,,74.05951638,0.480918442
156.227,92.85237843,,,92.85237843,0.594342709
155.364,86.07460939,,,86.07460939,0.55401901
156.508,90.64885461,,,90.64885461,0.579196301
154.922,102.3943176,,,102.3943176,0.660941103
155.089,57.86468778,,,57.86468778,0.373106331
747.505,443.7244811,,,443.7244811,0.593607375
689.435,341.1951946,,,341.1951946,0.494891026
725.181,492.6231636,,,492.6231636,0.679310632
759.667,383.5919042,,,383.5919042,0.504947437
728.578,267.8831207,,,267.8831207,0.367679398
771.298,524.1233048,,,524.1233048,0.679534116
739.065,398.587427,,,398.587427,0.539313088
684.426,369.8355917,,,369.8355917,0.54035877
733.937,489.5869736,,,489.5869736,0.667069481
680.317,418.4424602,,,418.4424602,0.615069828
733.881,422.0439384,,,422.0439384,0.575084978
700.944,222.707271,,,222.707271,0.31772477
737.09,293.4288112,,,293.4288112,0.398090886
773.757,381.5356168,,,381.5356168,0.493094882
734.105,292.2583918,,,292.2583918,0.398115245
740.736,234.926608,,,234.926608,0.317152951
757.635,294.3106228,,,294.3106228,0.388459645
770.09,458.8981358,,,458.8981358,0.595901954
759.209,377.08039,,,377.08039,0.496675342
764.438,384.5511127,,,384.5511127,0.503050755
690.777,253.4531832,,,253.4531832,0.366910281
672.6,415.0970746,,,415.0970746,0.617152951
773.509,376.4644459,,,376.4644459,0.486696917
748.987,363.0124356,,,363.0124356,0.48467121
720.349,274.3250618,,,274.3250618,0.380822437
684.035,298.2464132,,,298.2464132,0.436010457
725.441,323.1034811,,,323.1034811,0.445389055
715.354,418.8196443,,,418.8196443,0.58547187
701.018,436.3600083,,,436.3600083,0.622466197
692.592,306.1315056,,,306.1315056,0.442008434
774.172,450.1224358,,,450.1224358,0.581424329
767.706,261.7053827,,,261.7053827,0.340892715
728.666,398.7507207,,,398.7507207,0.547233878
711.05,307.2220504,,,307.2220504,0.432068139
683.847,428.176135,,,428.176135,0.626128557
747.911,470.1738666,,,470.1738666,0.628649487
729.851,359.5924449,,,359.5924449,0.492692954
748.238,353.8846353,,,353.8846353,0.472957315
748.835,293.7936831,,,293.7936831,0.392334337
718.679,424.9659164,,,424.9659164,0.591315339
734.914,285.0539403,,,285.0539403,0.387873874
1024.975,563.5789528,,,563.5789528,0.549846536
1040.525,618.4976628,,,618.4976628,0.594409229
1022.755,621.9587546,,,621.9587546,0.608120962
1040.195,522.1385438,,,522.1385438,0.501962174
1024.426,640.2731463,,,640.2731463,0.625006732
1028.61,452.6999707,,,452.6999707,0.440108467
1028.291,581.7695121,,,581.7695121,0.565763497
1026.357,456.5852663,,,456.5852663,0.444860089
1039.243,360.3687614,,,360.3687614,0.346760826
1037.842,688.1860594,,,688.1860594,0.663093283
1037.548,671.6239279,,,671.6239279,0.647318416
1037.403,400.8722197,,,400.8722197,0.38641899
1037.736,653.3564334,,,653.3564334,0.629597926
1040.672,530.7603032,,,530.7603032,0.510016896
1040.641,706.8197425,,,706.8197425,0.679215736
1038.602,599.9643087,,,599.9643087,0.577665274
1034.586,583.2112099,,,583.2112099,0.563714578
1032.669,376.8819378,,,376.8819378,0.364959089
1033.468,612.9564138,,,612.9564138,0.593106331
1025.537,638.410992,,,638.410992,0.622513856
1028.712,610.0548352,,,610.0548352,0.59302782
1039.733,512.1185636,,,512.1185636,0.492548148
1037.43,508.3376211,,,508.3376211,0.489997032
1037.223,560.4725448,,,560.4725448,0.54035877
1034.986,405.4590001,,,405.4590001,0.391753125
1041.027,614.4322998,,,614.4322998,0.590217449
1027.3,634.181438,,,634.181438,0.617328373
1035.582,358.0543574,,,358.0543574,0.345751816
1032.305,405.1684717,,,405.1684717,0.392489111
1026.792,394.2075831,,,394.2075831,0.383921557
1036.515,595.0709104,,,595.0709104,0.574107379
1039.813,594.4726522,,,594.4726522,0.571711118
1021.704,618.1288014,,,618.1288014,0.604997926
1024.422,520.0448797,,,520.0448797,0.507647122
1026.448,609.1179924,,,609.1179924,0.593423137
1036.54,589.6269675,,,589.6269675,0.568841499
1011.801,343.4223123,,,343.4223123,0.339416854
1038.96,561.5190552,,,561.5190552,0.540462631
1018.102,616.6758791,,,616.6758791,0.605711293
1037.036,627.7534872,,,627.7534872,0.605334325
1040.463,639.4204157,,,639.4204157,0.614553728
754.524,441.9066645,,,441.9066645,0.585676088
748.131,348.9046529,,,348.9046529,0.466368394
743.934,401.7610819,,,401.7610819,0.540049362
747.409,267.3222446,,,267.3222446,0.357665274
744.795,361.1787646,,,361.1787646,0.48493715
748.033,295.4495063,,,295.4495063,0.394968546
752.863,380.1116469,,,380.1116469,0.504888203
755.764,429.8700742,,,429.8700742,0.568788768
750.179,461.9288774,,,461.9288774,0.615758209
755.694,450.0270894,,,450.0270894,0.59551497
749.151,463.7881065,,,463.7881065,0.619084946
744.969,303.1199886,,,303.1199886,0.406889399
755.849,367.3301412,,,367.3301412,0.485983498
742.297,450.2627283,,,450.2627283,0.606580288
742.34,441.9301038,,,441.9301038,0.595320344
744.795,298.6286065,,,298.6286065,0.400954097
742.629,334.0694706,,,334.0694706,0.449847058
748.222,353.2654595,,,353.2654595,0.472139899
752.235,426.2508352,,,426.2508352,0.566645842
746.01,235.6494935,,,235.6494935,0.315879805
742.084,289.9404045,,,289.9404045,0.390711031
755.894,511.9655027,,,511.9655027,0.677298011
739.695,374.9223432,,,374.9223432,0.506860724
753.484,469.9440983,,,469.9440983,0.623694861
746.334,447.394199,,,447.394199,0.599455738
749.799,302.5922799,,,302.5922799,0.403564529
739.544,275.7731104,,,275.7731104,0.37289615
748.896,272.9656505,,,272.9656505,0.364490731
743.652,289.8446697,,,289.8446697,0.389758475
744.989,367.3153875,,,367.3153875,0.493048069
747.141,485.9411954,,,485.9411954,0.650400922
748.671,279.5710736,,,279.5710736,0.373423137
747.037,462.3387773,,,462.3387773,0.618896758
746.653,422.4202909,,,422.4202909,0.565751816
746.79,329.2750475,,,329.2750475,0.440920537
741.857,377.8486487,,,377.8486487,0.509328144
754.866,280.915757,,,280.915757,0.372139899
747.004,429.9716851,,,429.9716851,0.57559489
327.347,112.4752506,,,112.4752506,0.3435964
340.653,189.8043445,,,189.8043445,0.557177963
332.061,192.9313006,,,192.9313006,0.581011623
339.176,212.6155673,,,212.6155673,0.626859115
330.647,210.6212832,,,210.6212832,0.636997412
328.064,156.1262986,,,156.1262986,0.475901954
337.545,167.7504738,,,167.7504738,0.496972178
327.161,203.1619469,,,203.1619469,0.620984613
333.045,207.0350376,,,207.0350376,0.621642834
334.473,189.2961367,,,189.2961367,0.565953415
330.184,178.0231552,,,178.0231552,0.539163482
338.761,173.4512204,,,173.4512204,0.512016497
341.549,210.9831355,,,210.9831355,0.617724354
340.767,132.4438077,,,132.4438077,0.388663831
336.004,133.2007,,,133.2007,0.396425936
334.451,191.4544985,,,191.4544985,0.572444091
339.293,197.5682563,,,197.5682563,0.582293936
337.513,194.3262322,,,194.3262322,0.575759251
326.836,196.6019656,,,196.6019656,0.601530938
338.529,211.6965041,,,211.6965041,0.625342302
328.098,125.2499974,,,125.2499974,0.38174569
333.33,221.0217541,,,221.0217541,0.663071893
337.5,204.0656987,,,204.0656987,0.604639107
338.609,168.7970759,,,168.7970759,0.498501445
327.641,182.7417655,,,182.7417655,0.557749993
339.041,169.2102592,,,169.2102592,0.499084946
339.641,201.9149218,,,201.9149218,0.594495134
335.304,161.1617338,,,161.1617338,0.480643636
340.639,213.7159707,,,213.7159707,0.627397247
331.038,181.602675,,,181.602675,0.548585585
328.143,134.3181651,,,134.3181651,0.409328144
327.743,172.6843123,,,172.6843123,0.526889399
339.594,189.6093721,,,189.6093721,0.558341349
331.583,134.3414273,,,134.3414273,0.405151734
338.002,157.3558114,,,157.3558114,0.465546983
332.192,161.5247087,,,161.5247087,0.486239008
335.524,193.8208873,,,193.8208873,0.577666239
325.591,196.9620916,,,196.9620916,0.60493715
326.541,197.9440485,,,197.9440485,0.606184364
318.078,138.6376544,,,138.6376544,0.435860558
524.975,284.9838095,,,284.9838095,0.542852154
540.525,206.1954774,,,206.1954774,0.381472601
522.755,324.9991699,,,324.9991699,0.621704565
540.195,291.8217111,,,291.8217111,0.540215498
524.426,288.0639944,,,288.0639944,0.549293884
528.61,258.6471029,,,258.6471029,0.489296651
528.291,246.3824133,,,246.3824133,0.466376322
526.357,295.2099742,,,295.2099742,0.560855036
539.243,209.9254942,,,209.9254942,0.389296651
537.842,328.291679,,,328.291679,0.61038684
537.548,173.7789648,,,173.7789648,0.323280832
537.403,330.5160978,,,330.5160978,0.615024661
537.736,263.5889698,,,263.5889698,0.490182859
540.672,304.7929767,,,304.7929767,0.563729908
540.641,333.726625,,,333.726625,0.617279535
538.602,334.6007386,,,334.6007386,0.621239317
534.586,326.8738691,,,326.8738691,0.611452356
532.669,185.4107171,,,185.4107171,0.34807867
533.468,326.705866,,,326.705866,0.612418863
